machinename,genotype
WSNP92K.046.04326,MEL 001-2b
WSNP92K.045.04229,MEL 002-3
WSNP92K.045.04230,MEL 002-7-B
WSNP92K.045.04232,MEL 003-1c
WSNP92K.045.04234,MEL 004-2
WSNP92K.045.04235,MEL 004-3
WSNP92K.045.04236,MEL 004-5
WSNP92K.046.04336,MEL 005-3
WSNP92K.051.04802,MEL 005-4
WSNP92K.046.04337,MEL 005-5
WSNP92K.046.04338,MEL 005-7
WSNP92K.045.04240,MEL 005-8-A
WSNP92K.051.04803,MEL 006-1
WSNP92K.045.04241,MEL 006-3
WSNP92K.045.04242,MEL 006-6
WSNP92K.045.04243,MEL 006-7
WSNP92K.045.04244,MEL 006-8
WSNP92K.045.04245,MEL 007-1b
WSNP92K.045.04246,MEL 007-2b
WSNP92K.045.04248,MEL 008-3
WSNP92K.046.04348,MEL 008-4
WSNP92K.046.04349,MEL 009a-2-B
WSNP92K.051.04805,MEL 009b-2
WSNP92K.046.04350,MEL 010-1aA
WSNP92K.045.04252,MEL 010-1b
WSNP92K.045.04253,MEL 010-3
WSNP92K.045.04254,MEL 010-5
WSNP92K.045.04255,MEL 011-1b
WSNP92K.045.04256,MEL 011-2a
WSNP92K.045.04257,MEL 011-3
WSNP92K.045.04258,MEL 011-4
WSNP92K.045.04259,MEL 012-1b
WSNP92K.046.04360,MEL 012-3
WSNP92K.046.04361,MEL 012-4
WSNP92K.046.04362,MEL 013-1a
WSNP92K.045.04264,MEL 013-2c
WSNP92K.045.04266,MEL 014-2
WSNP92K.045.04267,MEL 014-4
WSNP92K.045.04268,MEL 014-7
WSNP92K.045.04269,MEL 014-8
WSNP92K.045.04270,MEL 015-2
WSNP92K.045.04271,MEL 015-3
WSNP92K.045.04272,MEL 015-7
WSNP92K.046.04372,MEL 015-8
WSNP92K.046.04374,MEL 016-4
WSNP92K.045.04276,MEL 016-6
WSNP92K.045.04279,MEL 017-4
WSNP92K.045.04282,MEL 018-1
WSNP92K.045.04283,MEL 018-2
WSNP92K.045.04284,MEL 019-1a
WSNP92K.046.04384,MEL 019-4
WSNP92K.046.04385,MEL 019-5
WSNP92K.046.04386,MEL 019-6-A
WSNP92K.045.04288,MEL 020-1-A
WSNP92K.045.04289,MEL 020-3
WSNP92K.051.04806,MEL 020-5
WSNP92K.045.04290,MEL 020-7
WSNP92K.045.04291,MEL 021-1
WSNP92K.051.04807,MEL 021-2
WSNP92K.045.04292,MEL 021-3
WSNP92K.045.04293,MEL 021-7
WSNP92K.045.04294,MEL 022-1c
WSNP92K.045.04295,MEL 022-2b
WSNP92K.045.04296,MEL 023-2
WSNP92K.046.04396,MEL 023-4
WSNP92K.051.04808,MEL 023-5
WSNP92K.046.04397,MEL 023-6
WSNP92K.046.04398,MEL 024-2
WSNP92K.045.04300,MEL 024-5
WSNP92K.045.04302,MEL 025-1b
WSNP92K.045.04303,MEL 025-1c-A
WSNP92K.045.04304,MEL 025-1d
WSNP92K.045.04305,MEL 025-1e
WSNP92K.045.04306,MEL 025-1f
WSNP92K.045.04307,MEL 026-1b
WSNP92K.045.04308,MEL 027-1e
WSNP92K.046.04408,MEL 028-1c
WSNP92K.046.04410,MEL 029-1c
WSNP92K.045.04312,MEL 029-2b
WSNP92K.045.04313,MEL 030-1b
WSNP92K.045.04314,MEL 030-2a
WSNP92K.045.04315,MEL 031-1c
WSNP92K.045.04316,MEL 031-2c
WSNP92K.045.04317,MEL 032-1
WSNP92K.045.04319,MEL 032-5
WSNP92K.051.04809,MEL 032-6
WSNP92K.045.04320,MEL 032-8
WSNP92K.046.04321,MEL 033-1-A
WSNP92K.051.04810,MEL 033-2
WSNP92K.046.04322,MEL 033-4
WSNP92K.046.04323,MEL 033-5
WSNP92K.045.04225,MEL 033-7
WSNP92K.045.04226,MEL 034-4
WSNP92K.045.04227,MEL 034-5
WSNP92K.046.04327,MEL 034-6
WSNP92K.046.04328,MEL 034-7
WSNP92K.046.04329,MEL 035-1
WSNP92K.046.04330,MEL 035-2
WSNP92K.046.04331,MEL 035-3
WSNP92K.051.04811,MEL 035-8
WSNP92K.046.04333,MEL 036-1b
WSNP92K.046.04334,MEL 036-3
WSNP92K.045.04237,MEL 036-8
WSNP92K.045.04238,MEL 037-1a
WSNP92K.051.04812,MEL 037-2a
WSNP92K.051.04813,MEL 038-1a
WSNP92K.051.04814,MEL 038-2b
WSNP92K.051.04815,MEL 039-1e
WSNP92K.051.04816,MEL 040-1c
WSNP92K.045.04239,MEL 040-2c
WSNP92K.046.04339,MEL 041-1c
WSNP92K.051.04817,MEL 041-2c
WSNP92K.046.04340,MEL 042-1b
WSNP92K.046.04341,MEL 043-1
WSNP92K.046.04342,MEL 043-2
WSNP92K.046.04343,MEL 043-4
WSNP92K.051.04819,MEL 043-5
WSNP92K.051.04820,MEL 043-6
WSNP92K.046.04345,MEL 043-7
WSNP92K.051.04821,MEL 044a-1
WSNP92K.051.04822,MEL 044a-2
WSNP92K.051.04823,MEL 044a-4
WSNP92K.046.04346,MEL 044b-1b
WSNP92K.045.04249,MEL 046-1
WSNP92K.045.04250,MEL 046-2
WSNP92K.045.04251,MEL 047a-1
WSNP92K.046.04351,MEL 047a-3
WSNP92K.046.04352,MEL 047b-1a
WSNP92K.051.04825,MEL 048-1a
WSNP92K.046.04353,MEL 048-1c
WSNP92K.046.04354,MEL 048-2bA
WSNP92K.051.04826,MEL 049-4
WSNP92K.046.04356,MEL 049-5
WSNP92K.046.04357,MEL 050-1
WSNP92K.046.04358,MEL 050-5
WSNP92K.051.04827,MEL 050-6
WSNP92K.046.04359,MEL 051-1d
WSNP92K.045.04261,MEL 052-1
WSNP92K.051.04828,MEL 052-3
WSNP92K.045.04262,MEL 052-5
WSNP92K.045.04263,MEL 052-7-A
WSNP92K.046.04363,MEL 052-8-A
WSNP92K.046.04364,MEL 053-1aA
WSNP92K.046.04365,MEL 053-2aB
WSNP92K.051.04829,MEL 054-2
WSNP92K.046.04368,MEL 054-3A
WSNP92K.046.04369,MEL 054-7
WSNP92K.046.04370,MEL 054-8
WSNP92K.046.04371,MEL 055-1aA
WSNP92K.045.04273,MEL 055-2b
WSNP92K.045.04274,MEL 056-1
WSNP92K.051.04830,MEL 056-4
WSNP92K.045.04275,MEL 056-5
WSNP92K.051.04831,MEL 056-6
WSNP92K.051.04832,MEL 057-1a
WSNP92K.046.04376,MEL 057-3
WSNP92K.051.04834,MEL 058-1
WSNP92K.046.04377,MEL 058-2
WSNP92K.046.04378,MEL 058-3
WSNP92K.051.04835,MEL 058-4
WSNP92K.046.04379,MEL 058-7
WSNP92K.046.04380,MEL 059-1a
WSNP92K.046.04381,MEL 059-1b
WSNP92K.046.04382,MEL 059-1c
WSNP92K.046.04383,MEL 059-1d
WSNP92K.045.04285,MEL 059-1e
WSNP92K.045.04286,MEL 059-1f
WSNP92K.051.04836,MEL 060-1a
WSNP92K.045.04287,MEL 060-1b
WSNP92K.046.04387,MEL 060-2bA
WSNP92K.051.04837,MEL 060-3
WSNP92K.051.04838,MEL 060-4
WSNP92K.051.04839,MEL 061-1
WSNP92K.046.04388,MEL 061-2
WSNP92K.046.04389,MEL 061-4A
WSNP92K.046.04390,MEL 061-7
WSNP92K.046.04391,MEL 062-1a
WSNP92K.046.04392,MEL 062-2
WSNP92K.051.04840,MEL 062-3
WSNP92K.046.04393,MEL 063a-1
WSNP92K.046.04394,MEL 063a-2
WSNP92K.046.04395,MEL 063b-1
WSNP92K.045.04297,MEL 064-1a
WSNP92K.045.04298,MEL 064-1b
WSNP92K.045.04299,MEL 064-1c
WSNP92K.046.04399,MEL 064-1d
WSNP92K.046.04400,MEL 064-1e
WSNP92K.046.04401,MEL 064-1f
WSNP92K.046.04402,MEL 065-1c
WSNP92K.046.04403,MEL 065-2b
WSNP92K.046.04404,MEL 066-1b
WSNP92K.046.04405,MEL 070-1c
WSNP92K.046.04406,MEL 071-1a
WSNP92K.046.04407,MEL 071-1b
WSNP92K.045.04309,MEL 071-1c
WSNP92K.045.04310,MEL 071-1d
WSNP92K.045.04311,MEL 071-1e
WSNP92K.046.04411,MEL 071-1f
WSNP92K.046.04412,MEL 072-1a
WSNP92K.046.04413,MEL 072-1b
WSNP92K.046.04414,MEL 072-1c
WSNP92K.046.04415,MEL 072-1d
WSNP92K.046.04416,MEL 072-1e
WSNP92K.047.04417,MEL 072-1f
WSNP92K.047.04418,MEL 073-2
WSNP92K.047.04419,MEL 073-3A
WSNP92K.047.04422,MEL 073-8
WSNP92K.047.04425,MEL 074-5
WSNP92K.047.04427,MEL 075-1b
WSNP92K.047.04428,MEL 075-2b
WSNP92K.047.04429,MEL 075-3
WSNP92K.047.04430,MEL 075-4
WSNP92K.047.04431,MEL 076-1d
WSNP92K.047.04432,MEL 077-3
WSNP92K.047.04433,MEL 077-4
WSNP92K.051.04842,MEL 077-6
WSNP92K.047.04436,MEL 078-1bA
WSNP92K.047.04437,MEL 078-1cA
WSNP92K.047.04439,MEL 081-1a
WSNP92K.051.04843,MEL 081-3
WSNP92K.047.04440,MEL 081-4
WSNP92K.047.04441,MEL 081-5
WSNP92K.047.04443,MEL 082-1aA
WSNP92K.051.04844,MEL 082-1b
WSNP92K.051.04845,MEL 082-2
WSNP92K.047.04444,MEL 083-1
WSNP92K.047.04445,MEL 084-1
WSNP92K.047.04446,MEL 084-3
WSNP92K.047.04447,MEL 084-7
WSNP92K.047.04448,MEL 085-2b
WSNP92K.047.04449,MEL 085-4
WSNP92K.047.04450,MEL 086-3
WSNP92K.047.04451,MEL 086-7
WSNP92K.047.04452,MEL 087-1c
WSNP92K.047.04453,MEL 088-1
WSNP92K.047.04455,MEL 088-6
WSNP92K.047.04456,MEL 088-7
WSNP92K.047.04457,MEL 089-1a
WSNP92K.047.04458,MEL 089-2a
WSNP92K.047.04459,MEL 089-4
WSNP92K.047.04461,MEL 090-2c
WSNP92K.051.04849,MEL 091-1a
WSNP92K.047.04462,MEL 091-2
WSNP92K.047.04463,MEL 091-3
WSNP92K.047.04464,MEL 091-4
WSNP92K.047.04465,MEL 091-5
WSNP92K.047.04466,MEL 092-1
WSNP92K.047.04467,MEL 092-3
WSNP92K.051.04850,MEL 092-4
WSNP92K.047.04468,MEL 092-6
WSNP92K.047.04469,MEL 092-8
WSNP92K.047.04470,MEL 093-2
WSNP92K.047.04471,MEL 093-3
WSNP92K.051.04851,MEL 093-4
WSNP92K.047.04472,MEL 093-6
WSNP92K.047.04473,MEL 093-7
WSNP92K.047.04474,MEL 094-1c
WSNP92K.047.04475,MEL 094-2c
WSNP92K.051.04852,MEL 095-1
WSNP92K.047.04476,MEL 095-2
WSNP92K.047.04477,MEL 095-6
WSNP92K.047.04478,MEL 095-7A
WSNP92K.047.04479,MEL 095-8B
WSNP92K.047.04480,MEL 096-1a
WSNP92K.047.04481,MEL 096-2
WSNP92K.051.04853,MEL 096-4
WSNP92K.047.04482,MEL 096-5
WSNP92K.047.04483,MEL 096-6
WSNP92K.047.04484,MEL 097-1
WSNP92K.047.04485,MEL 097-2A
WSNP92K.047.04486,MEL 097-3A
WSNP92K.047.04487,MEL 097-5
WSNP92K.051.04854,MEL 097-6
WSNP92K.051.04855,MEL 098-1
WSNP92K.047.04488,MEL 098-2
WSNP92K.047.04489,MEL 098-5B
WSNP92K.047.04490,MEL 098-7
WSNP92K.047.04491,MEL 099-2
WSNP92K.047.04492,MEL 099-4
WSNP92K.051.04856,MEL 099-5
WSNP92K.047.04493,MEL 099-8
WSNP92K.047.04495,MEL 100-1b
WSNP92K.047.04496,MEL 100-2b
WSNP92K.047.04498,MEL 101-4
WSNP92K.047.04499,MEL 101-7
WSNP92K.051.04858,MEL 102-1
WSNP92K.047.04500,MEL 102-3
WSNP92K.047.04501,MEL 102-4
WSNP92K.047.04502,MEL 102-5
WSNP92K.047.04503,MEL 103-1
WSNP92K.047.04504,MEL 103-2
WSNP92K.047.04505,MEL 103-3
WSNP92K.051.04859,MEL 103-8
WSNP92K.051.04860,MEL 104-2
WSNP92K.047.04506,MEL 104-3
WSNP92K.047.04507,MEL 104-4
WSNP92K.047.04508,MEL 104-7
WSNP92K.047.04509,MEL 105-1
WSNP92K.047.04510,MEL 105-3
WSNP92K.051.04861,MEL 105-5
WSNP92K.047.04511,MEL 106a-1
WSNP92K.047.04512,MEL 106b-1
WSNP92K.051.04862,MEL 106b-2
WSNP92K.048.04513,MEL 107-1a
WSNP92K.048.04514,MEL 107-3a
WSNP92K.048.04516,MEL 108-2
WSNP92K.051.04863,MEL 108-3
WSNP92K.048.04517,MEL 108-4A
WSNP92K.048.04518,MEL 109-2
WSNP92K.051.04864,MEL 109-3
WSNP92K.048.04519,MEL 109-6A
WSNP92K.048.04520,MEL 109-7A
WSNP92K.048.04522,MEL 111-1
WSNP92K.048.04523,MEL 111-3
WSNP92K.051.04865,MEL 111-5
WSNP92K.048.04524,MEL 111-7
WSNP92K.051.04866,MEL 112-1a
WSNP92K.048.04525,MEL 112-4
WSNP92K.048.04526,MEL 112-5
WSNP92K.048.04527,MEL 113-1a
WSNP92K.048.04528,MEL 113-2
WSNP92K.048.04529,MEL 113-5
WSNP92K.048.04530,MEL 114-1
WSNP92K.048.04531,MEL 114-7
WSNP92K.048.04532,MEL 114-8
WSNP92K.048.04533,MEL 115-1
WSNP92K.051.04869,MEL 115-4
WSNP92K.048.04534,MEL 115-5
WSNP92K.048.04535,MEL 115-8
WSNP92K.048.04536,MEL 116-2
WSNP92K.048.04537,MEL 116-4A
WSNP92K.048.04539,MEL 117-2B
WSNP92K.048.04540,MEL 117-3B
WSNP92K.048.04541,MEL 117-5
WSNP92K.048.04542,MEL 118-1b
WSNP92K.048.04543,MEL 118-2aA
WSNP92K.048.04544,MEL 118-3bA
WSNP92K.048.04545,MEL 119-1
WSNP92K.048.04546,MEL 119-4
WSNP92K.048.04547,MEL 119-5
WSNP92K.048.04548,MEL 120-3
WSNP92K.048.04549,MEL 120-5
WSNP92K.051.04873,MEL 120-6
WSNP92K.048.04550,MEL 120-7
WSNP92K.048.04551,MEL 121-1a
WSNP92K.048.04552,MEL 121-1b
WSNP92K.048.04554,MEL 121-1d
WSNP92K.048.04555,MEL 121-1e
WSNP92K.048.04556,MEL 121-1f
WSNP92K.048.04557,MEL 122-1b
WSNP92K.048.04558,MEL 122-2b
WSNP92K.048.04559,MEL 122-4
WSNP92K.051.04874,MEL 123-1
WSNP92K.048.04561,MEL 123-4
WSNP92K.051.04875,MEL 124-2
WSNP92K.048.04562,MEL 124-4
WSNP92K.048.04563,MEL 124-5
WSNP92K.048.04564,MEL 124-7
WSNP92K.048.04566,MEL 126-2
WSNP92K.051.04876,MEL 126-3
WSNP92K.048.04567,MEL 126-4
WSNP92K.048.04568,MEL 126-5
WSNP92K.048.04569,MEL 127-1b
WSNP92K.048.04570,MEL 127-2b
WSNP92K.048.04571,MEL 128-1
WSNP92K.051.04877,MEL 128-3
WSNP92K.048.04572,MEL 128-4
WSNP92K.048.04573,MEL 128-6
WSNP92K.048.04574,MEL 129-1
WSNP92K.048.04575,MEL 129-3
WSNP92K.048.04576,MEL 129-6
WSNP92K.051.04879,MEL 130-1
WSNP92K.048.04577,MEL 130-2
WSNP92K.048.04578,MEL 130-4
WSNP92K.048.04579,MEL 130-7A
WSNP92K.048.04580,MEL 131-1c
WSNP92K.048.04581,MEL 131-2c
WSNP92K.051.04880,MEL 132-1
WSNP92K.048.04582,MEL 132-2
WSNP92K.048.04583,MEL 132-4
WSNP92K.048.04584,MEL 132-5
WSNP92K.048.04585,MEL 133-1B
WSNP92K.051.04881,MEL 133-2
WSNP92K.048.04586,MEL 133-4
WSNP92K.048.04588,MEL 134b-1a
WSNP92K.048.04590,MEL 136-1a
WSNP92K.051.04882,MEL 136-2a
WSNP92K.048.04591,MEL 136-3aB
WSNP92K.048.04592,MEL 137a-1
WSNP92K.051.04883,MEL 137b-1
WSNP92K.048.04593,MEL 137b-3
WSNP92K.048.04594,MEL 138-1
WSNP92K.048.04595,MEL 138-4
WSNP92K.048.04596,MEL 139-1A
WSNP92K.051.04884,MEL 139-2
WSNP92K.048.04597,MEL 139-6
WSNP92K.048.04598,MEL 139-7
WSNP92K.048.04600,MEL 140-2b
WSNP92K.048.04601,MEL 140-3
WSNP92K.048.04602,MEL 141-1
WSNP92K.048.04603,MEL 141-5
WSNP92K.051.04886,MEL 141-6
WSNP92K.048.04604,MEL 141-7
WSNP92K.051.04887,MEL 142-2
WSNP92K.048.04605,MEL 142-3
WSNP92K.048.04606,MEL 142-4
WSNP92K.048.04607,MEL 142-8
WSNP92K.048.04608,MEL 143-2
WSNP92K.049.04609,MEL 143-4
WSNP92K.051.04888,MEL 143-7
WSNP92K.049.04610,MEL 143-8
WSNP92K.049.04611,MEL 144-1a
WSNP92K.049.04612,MEL 145-2
WSNP92K.049.04613,MEL 145-3
WSNP92K.051.04889,MEL 145-4
WSNP92K.049.04614,MEL 145-6
WSNP92K.051.04890,MEL 146-1a
WSNP92K.049.04615,MEL 146-1b
WSNP92K.049.04616,MEL 147-1
WSNP92K.049.04617,MEL 147-5A
WSNP92K.049.04618,MEL 148-1a
WSNP92K.049.04619,MEL 148-1b
WSNP92K.049.04620,MEL 148-1cB
WSNP92K.049.04621,MEL 148-1d
WSNP92K.049.04622,MEL 148-1e
WSNP92K.049.04623,MEL 148-1fA
WSNP92K.051.04891,MEL 149-1
WSNP92K.049.04624,MEL 149-3
WSNP92K.049.04626,MEL 149-6
WSNP92K.049.04627,MEL 150-3
WSNP92K.051.04892,MEL 150-5
WSNP92K.049.04628,MEL 150-6
WSNP92K.049.04629,MEL 150-8
WSNP92K.051.04893,MEL 151-1
WSNP92K.049.04630,MEL 151-3
WSNP92K.049.04632,MEL 151-5
WSNP92K.051.04894,MEL 152-1a
WSNP92K.049.04633,MEL 152-2a
WSNP92K.049.04634,MEL 152-3B
WSNP92K.049.04635,MEL 152-4
WSNP92K.049.04636,MEL 153-1
WSNP92K.049.04637,MEL 154-1a
WSNP92K.049.04638,MEL 154-2a
WSNP92K.049.04639,MEL 154-3
WSNP92K.049.04640,MEL 155-1a
WSNP92K.049.04641,MEL 155-2aA
WSNP92K.049.04642,MEL 155-3a
WSNP92K.049.04643,MEL 156-1A
WSNP92K.049.04644,MEL 156-4
WSNP92K.049.04645,MEL 156-5
WSNP92K.051.04895,MEL 156-6
WSNP92K.049.04646,MEL 157-1
WSNP92K.049.04647,MEL 157-5
WSNP92K.049.04648,MEL 157-6
WSNP92K.049.04649,MEL 158-1A
WSNP92K.052.04897,MEL 158-2
WSNP92K.052.04898,MEL 158-4
WSNP92K.049.04650,MEL 158-7
WSNP92K.049.04651,MEL 158-8
WSNP92K.049.04652,MEL 159-1
WSNP92K.049.04653,MEL 159-2A
WSNP92K.052.04899,MEL 159-4
WSNP92K.052.04900,MEL 159-5
WSNP92K.049.04654,MEL 159-8
WSNP92K.049.04655,MEL 160-1
WSNP92K.052.04901,MEL 160-4
WSNP92K.049.04656,MEL 160-5
WSNP92K.049.04657,MEL 160-8
WSNP92K.052.04902,MEL 161-2
WSNP92K.049.04659,MEL 161-5
WSNP92K.049.04660,MEL 161-7
WSNP92K.052.04903,MEL 162-2
WSNP92K.049.04661,MEL 162-3
WSNP92K.049.04662,MEL 162-4A
WSNP92K.049.04663,MEL 162-6
WSNP92K.049.04664,MEL 163-2
WSNP92K.049.04665,MEL 163-3
WSNP92K.052.04904,MEL 163-4
WSNP92K.049.04666,MEL 163-7
WSNP92K.049.04667,MEL 164-1
WSNP92K.052.04905,MEL 164-2
WSNP92K.049.04668,MEL 164-4A
WSNP92K.049.04669,MEL 164-7
WSNP92K.049.04670,MEL 165-1A
WSNP92K.049.04671,MEL 165-2A
WSNP92K.049.04672,MEL 165-3
WSNP92K.049.04673,MEL 165-4
WSNP92K.049.04674,MEL 165-5A
WSNP92K.049.04675,MEL 165-6A
WSNP92K.049.04676,MEL 165-7
WSNP92K.049.04677,MEL 165-8
WSNP92K.049.04678,MEL 166-1a
WSNP92K.049.04679,MEL 166-2a
WSNP92K.049.04680,MEL 166-3b
WSNP92K.049.04681,MEL 167-7
WSNP92K.049.04682,MEL 167-8
WSNP92K.049.04683,MEL 168-1bA
WSNP92K.049.04684,MEL 168-3
WSNP92K.049.04686,MEL 169-2aA
WSNP92K.049.04687,MEL 169-2cA
WSNP92K.052.04906,MEL 170-1b
WSNP92K.049.04688,MEL 170-3
WSNP92K.049.04689,MEL 170-5A
WSNP92K.049.04691,MEL 171-1aB
WSNP92K.049.04692,MEL 171-2c
WSNP92K.049.04693,MEL 172-1
WSNP92K.052.04907,MEL 172-2
WSNP92K.049.04694,MEL 172-4A
WSNP92K.049.04695,MEL 172-5
WSNP92K.052.04908,MEL 172-6
WSNP92K.049.04696,MEL 173-2
WSNP92K.049.04697,MEL 173-5
WSNP92K.052.04909,MEL 174-1
WSNP92K.052.04910,MEL 174-2
WSNP92K.049.04698,MEL 174-3A
WSNP92K.049.04699,MEL 174-4
WSNP92K.049.04700,MEL 174-8B
WSNP92K.049.04701,MEL 175-2A
WSNP92K.049.04702,MEL 175-4B
WSNP92K.052.04911,MEL 175-5
WSNP92K.049.04703,MEL 175-6A
WSNP92K.052.04912,MEL 175-8
WSNP92K.049.04704,MEL 176-1
WSNP92K.052.04914,MEL 176-5
WSNP92K.050.04705,MEL 176-7
WSNP92K.050.04706,MEL 177a-1
WSNP92K.050.04707,MEL 177b-1a
WSNP92K.050.04708,MEL 178-1b
WSNP92K.052.04916,MEL 178-2a
WSNP92K.050.04709,MEL 178-3a
WSNP92K.052.04917,MEL 179-2
WSNP92K.050.04710,MEL 179-3
WSNP92K.050.04711,MEL 179-4
WSNP92K.050.04712,MEL 179-5
WSNP92K.050.04713,MEL 180-1
WSNP92K.052.04918,MEL 180-2
WSNP92K.050.04714,MEL 180-3
WSNP92K.052.04919,MEL 180-5
WSNP92K.050.04715,MEL 180-6
WSNP92K.050.04716,MEL 181-3
WSNP92K.052.04921,MEL 181-5
WSNP92K.050.04718,MEL 182-1a
WSNP92K.052.04922,MEL 182-3b
WSNP92K.052.04923,MEL 182-4
WSNP92K.050.04719,MEL 183-1A
WSNP92K.050.04720,MEL 183-2B
WSNP92K.050.04721,MEL 183-7
WSNP92K.050.04723,MEL 185-2
WSNP92K.050.04724,MEL 185-3
WSNP92K.050.04725,MEL 185-4
WSNP92K.052.04925,MEL 185-5
WSNP92K.050.04726,MEL 186-1b
WSNP92K.050.04727,MEL 186-2b
WSNP92K.050.04728,MEL 187-1b
WSNP92K.050.04729,MEL 187-2a
WSNP92K.050.04730,MEL 187-3b
WSNP92K.050.04731,MEL 188-2
WSNP92K.050.04732,MEL 188-7
WSNP92K.050.04733,MEL 188-8B
WSNP92K.052.04926,MEL 189-2
WSNP92K.050.04734,MEL 189-3
WSNP92K.050.04735,MEL 189-5
WSNP92K.050.04736,MEL 189-7
WSNP92K.050.04738,MEL 190-4
WSNP92K.052.04927,MEL 190-7
WSNP92K.050.04739,MEL 190-8
WSNP92K.052.04928,MEL 191-1
WSNP92K.052.04929,MEL 191-2
WSNP92K.050.04740,MEL 191-3
WSNP92K.050.04741,MEL 191-4
WSNP92K.050.04742,MEL 191-6
WSNP92K.050.04745,MEL 192-6
WSNP92K.052.04930,MEL 192-7
WSNP92K.052.04931,MEL 193-1
WSNP92K.052.04932,MEL 193-2
WSNP92K.050.04746,MEL 193-6A
WSNP92K.050.04747,MEL 193-7B
WSNP92K.050.04748,MEL 193-8A
WSNP92K.050.04749,MEL 194a-4B
WSNP92K.052.04933,MEL 194b-1
WSNP92K.050.04750,MEL 194b-4
WSNP92K.050.04751,MEL 195-1a
WSNP92K.050.04752,MEL 195-1cA
WSNP92K.050.04753,MEL 195-1cD
WSNP92K.050.04754,MEL 195-1d
WSNP92K.050.04755,MEL 195-1e
WSNP92K.050.04756,MEL 195-1f
WSNP92K.050.04757,MEL 196-1B
WSNP92K.052.04934,MEL 196-2
WSNP92K.052.04935,MEL 196-3
WSNP92K.050.04758,MEL 196-4
WSNP92K.050.04760,MEL 197-2
WSNP92K.050.04761,MEL 197-3
WSNP92K.052.04936,MEL 197-5
WSNP92K.052.04937,MEL 197-6
WSNP92K.050.04762,MEL 197-7
WSNP92K.052.04938,MEL 198-2
WSNP92K.050.04763,MEL 198-3
WSNP92K.050.04764,MEL 198-8
WSNP92K.050.04765,MEL 199-3
WSNP92K.050.04766,MEL 199-4
WSNP92K.050.04767,MEL 199-7
WSNP92K.050.04768,MEL 200-1b
WSNP92K.050.04769,MEL 200-3
WSNP92K.050.04770,MEL 200-5
WSNP92K.050.04771,MEL 201-1A
WSNP92K.050.04772,MEL 201-4
WSNP92K.050.04773,MEL 201-5
WSNP92K.052.04942,MEL 201-6
WSNP92K.052.04943,MEL 202-2
WSNP92K.050.04774,MEL 202-3
WSNP92K.052.04944,MEL 202-4
WSNP92K.050.04775,MEL 202-5B
WSNP92K.050.04776,MEL 202-6
WSNP92K.050.04777,MEL 203-3
WSNP92K.052.04945,MEL 203-6
WSNP92K.050.04779,MEL 203-8
WSNP92K.050.04780,MEL 204-1
WSNP92K.050.04781,MEL 204-2
WSNP92K.050.04782,MEL 204-4
WSNP92K.050.04783,MEL 204-7A
WSNP92K.050.04784,MEL 205-1d
WSNP92K.050.04785,MEL 205-1eB
WSNP92K.050.04786,MEL 205-1f
WSNP92K.050.04787,MEL 206a-1a
WSNP92K.052.04947,MEL 206b-1
WSNP92K.052.04948,MEL 206b-2
WSNP92K.050.04788,MEL 207-1
WSNP92K.050.04789,MEL 207-3
WSNP92K.050.04790,MEL 207-6
WSNP92K.050.04791,MEL 207-7
WSNP92K.050.04792,MEL 208-1
WSNP92K.052.04949,MEL 208-2
WSNP92K.050.04793,MEL 208-3
WSNP92K.052.04950,MEL 208-4
WSNP92K.050.04794,MEL 208-6
WSNP92K.052.04951,MEL 209-1
WSNP92K.052.04952,MEL 209-2
WSNP92K.050.04795,MEL 209-4A
WSNP92K.050.04796,MEL 209-5B
WSNP92K.050.04798,MEL 210-1b
WSNP92K.050.04799,MEL 210-2a
WSNP92K.050.04800,MEL 210-4
