NIAB_Plot_2014,W8,NPPC code,location,treatment,rep,barcode,genotype,control,type,idtype
1,Alchemy-1A,1,1,1,1,W8-001111,Alchemy-1A,0,1,Alchemy-1A
1,Alchemy-1A,1,1,1,2,W8-001112,Alchemy-1A,1,1,Alchemy-1A
1116,Avalon,2,1,1,1,W8-002111,Avalon,1,1,Avalon
1116,Avalon,2,1,1,2,W8-002112,Avalon,0,1,Avalon
61,Brompton-1A,3,1,1,1,W8-003111,Brompton-1A,0,1,Brompton-1A
61,Brompton-1A,3,1,1,2,W8-003112,Brompton-1A,0,1,Brompton-1A
1117,Cadenza,4,1,1,1,W8-004111,Cadenza,1,1,Cadenza
1117,Cadenza,4,1,1,2,W8-004112,Cadenza,1,1,Cadenza
601,Claire-4,5,1,1,1,W8-005111,Claire-4,0,1,Claire-4
601,Claire-4,5,1,1,2,W8-005112,Claire-4,0,1,Claire-4
661,Hereward-1A,6,1,1,1,W8-006111,Hereward-1A,0,1,Hereward-1A
661,Hereward-1A,6,1,1,2,W8-006112,Hereward-1A,0,1,Hereward-1A
1300,KWS Santiago,7,1,1,1,W8-007111,KWS Santiago,1,1,KWS Santiago
1300,KWS Santiago,7,1,1,2,W8-007112,KWS Santiago,1,1,KWS Santiago
721,Rialto-4,8,1,1,1,W8-008111,Rialto-4,0,1,Rialto-4
721,Rialto-4,8,1,1,2,W8-008112,Rialto-4,0,1,Rialto-4
301,Robigus-1,9,1,1,1,W8-009111,Robigus-1,0,1,Robigus-1
301,Robigus-1,9,1,1,2,W8-009112,Robigus-1,0,1,Robigus-1
361,Soissons-1,10,1,1,1,W8-010111,Soissons-1,0,1,Soissons-1
361,Soissons-1,10,1,1,2,W8-010112,Soissons-1,0,1,Soissons-1
961,Xi-19-1,11,1,1,1,W8-011111,Xi-19-1,0,1,Xi-19-1
961,Xi-19-1,11,1,1,2,W8-011112,Xi-19-1,0,1,Xi-19-1
1203,Zircon,12,1,1,1,W8-012111,Zircon,1,1,Zircon
1203,Zircon,12,1,1,2,W8-012112,Zircon,1,1,Zircon
734,MEL 001-1a,13,1,1,1,W8-013111,MEL 001-1a,0,2,RIL
734,MEL 001-1a,13,1,1,2,W8-013112,MEL 001-1a,0,2,RIL
4,MEL 002-1,14,1,1,1,W8-014111,MEL 002-1,0,2,RIL
4,MEL 002-1,14,1,1,2,W8-014112,MEL 002-1,0,2,RIL
737,MEL 003-1a,15,1,1,1,W8-015111,MEL 003-1a,0,2,RIL
737,MEL 003-1a,15,1,1,2,W8-015112,MEL 003-1a,0,2,RIL
10,MEL 004-1,16,1,1,1,W8-016111,MEL 004-1,0,2,RIL
10,MEL 004-1,16,1,1,2,W8-016112,MEL 004-1,0,2,RIL
808,MEL 005-1,17,1,1,1,W8-017111,MEL 005-1,0,2,RIL
808,MEL 005-1,17,1,1,2,W8-017112,MEL 005-1,0,2,RIL
19,MEL 006-1,18,1,1,1,W8-018111,MEL 006-1,0,2,RIL
19,MEL 006-1,18,1,1,2,W8-018112,MEL 006-1,0,2,RIL
811,MEL 007-1a,19,1,1,1,W8-019111,MEL 007-1a,0,2,RIL
811,MEL 007-1a,19,1,1,2,W8-019112,MEL 007-1a,0,2,RIL
26,MEL 008-1,20,1,1,1,W8-020111,MEL 008-1,0,2,RIL
26,MEL 008-1,20,1,1,2,W8-020112,MEL 008-1,0,2,RIL
816,MEL 009a-1,21,1,1,1,W8-021111,MEL 009a-1,0,2,RIL
816,MEL 009a-1,21,1,1,2,W8-021112,MEL 009a-1,0,2,RIL
32,MEL 010-1a,22,1,1,1,W8-022111,MEL 010-1a,0,2,RIL
32,MEL 010-1a,22,1,1,2,W8-022112,MEL 010-1a,0,2,RIL
821,MEL 011-1a,23,1,1,1,W8-023111,MEL 011-1a,0,2,RIL
821,MEL 011-1a,23,1,1,2,W8-023112,MEL 011-1a,0,2,RIL
40,MEL 012-1b,24,1,1,1,W8-024111,MEL 012-1b,0,2,RIL
40,MEL 012-1b,24,1,1,2,W8-024112,MEL 012-1b,0,2,RIL
44,MEL 013-1a,25,1,1,1,W8-025111,MEL 013-1a,0,2,RIL
44,MEL 013-1a,25,1,1,2,W8-025112,MEL 013-1a,0,2,RIL
46,MEL 014-2,26,1,1,1,W8-026111,MEL 014-2,0,2,RIL
46,MEL 014-2,26,1,1,2,W8-026112,MEL 014-2,0,2,RIL
50,MEL 015-2,27,1,1,1,W8-027111,MEL 015-2,0,2,RIL
50,MEL 015-2,27,1,1,2,W8-027112,MEL 015-2,0,2,RIL
54,MEL 016-1,28,1,1,1,W8-028111,MEL 016-1,0,2,RIL
54,MEL 016-1,28,1,1,2,W8-028112,MEL 016-1,0,2,RIL
829,MEL 017-2,29,1,1,1,W8-029111,MEL 017-2,0,2,RIL
829,MEL 017-2,29,1,1,2,W8-029112,MEL 017-2,0,2,RIL
63,MEL 018-1,30,1,1,1,W8-030111,MEL 018-1,0,2,RIL
63,MEL 018-1,30,1,1,2,W8-030112,MEL 018-1,0,2,RIL
65,MEL 019-1a,31,1,1,1,W8-031111,MEL 019-1a,0,2,RIL
65,MEL 019-1a,31,1,1,2,W8-031112,MEL 019-1a,0,2,RIL
69,MEL 020-1,32,1,1,1,W8-032111,MEL 020-1,0,2,RIL
69,MEL 020-1,32,1,1,2,W8-032112,MEL 020-1,0,2,RIL
73,MEL 021-1,33,1,1,1,W8-033111,MEL 021-1,0,2,RIL
73,MEL 021-1,33,1,1,2,W8-033112,MEL 021-1,0,2,RIL
77,MEL 022-1c,34,1,1,1,W8-034111,MEL 022-1c,0,2,RIL
77,MEL 022-1c,34,1,1,2,W8-034112,MEL 022-1c,0,2,RIL
834,MEL 023-1,35,1,1,1,W8-035111,MEL 023-1,0,2,RIL
834,MEL 023-1,35,1,1,2,W8-035112,MEL 023-1,0,2,RIL
836,MEL 024-1,36,1,1,1,W8-036111,MEL 024-1,0,2,RIL
836,MEL 024-1,36,1,1,2,W8-036112,MEL 024-1,0,2,RIL
85,MEL 025-1a,37,1,1,1,W8-037111,MEL 025-1a,0,2,RIL
85,MEL 025-1a,37,1,1,2,W8-037112,MEL 025-1a,0,2,RIL
91,MEL 026-1b,38,1,1,1,W8-038111,MEL 026-1b,0,2,RIL
91,MEL 026-1b,38,1,1,2,W8-038112,MEL 026-1b,0,2,RIL
92,MEL 027-1e,39,1,1,1,W8-039111,MEL 027-1e,0,2,RIL
92,MEL 027-1e,39,1,1,2,W8-039112,MEL 027-1e,0,2,RIL
93,MEL 028-1c,40,1,1,1,W8-040111,MEL 028-1c,0,2,RIL
93,MEL 028-1c,40,1,1,2,W8-040112,MEL 028-1c,0,2,RIL
94,MEL 029-1c,41,1,1,1,W8-041111,MEL 029-1c,0,2,RIL
94,MEL 029-1c,41,1,1,2,W8-041112,MEL 029-1c,0,2,RIL
743,MEL 030-1a,42,1,1,1,W8-042111,MEL 030-1a,0,2,RIL
743,MEL 030-1a,42,1,1,2,W8-042112,MEL 030-1a,0,2,RIL
744,MEL 031-1b,43,1,1,1,W8-043111,MEL 031-1b,0,2,RIL
744,MEL 031-1b,43,1,1,2,W8-043112,MEL 031-1b,0,2,RIL
100,MEL 032-1,44,1,1,1,W8-044111,MEL 032-1,0,2,RIL
100,MEL 032-1,44,1,1,2,W8-044112,MEL 032-1,0,2,RIL
105,MEL 033-1-A,45,1,1,1,W8-045111,MEL 033-1-A,0,2,RIL
105,MEL 033-1-A,45,1,1,2,W8-045112,MEL 033-1-A,0,2,RIL
110,MEL 034-4,46,1,1,1,W8-046111,MEL 034-4,0,2,RIL
110,MEL 034-4,46,1,1,2,W8-046112,MEL 034-4,0,2,RIL
114,MEL 035-1,47,1,1,1,W8-047111,MEL 035-1,0,2,RIL
114,MEL 035-1,47,1,1,2,W8-047112,MEL 035-1,0,2,RIL
119,MEL 036-1b,48,1,1,1,W8-048111,MEL 036-1b,0,2,RIL
119,MEL 036-1b,48,1,1,2,W8-048112,MEL 036-1b,0,2,RIL
124,MEL 037-1a,49,1,1,1,W8-049111,MEL 037-1a,0,2,RIL
124,MEL 037-1a,49,1,1,2,W8-049112,MEL 037-1a,0,2,RIL
126,MEL 038-1a,50,1,1,1,W8-050111,MEL 038-1a,0,2,RIL
126,MEL 038-1a,50,1,1,2,W8-050112,MEL 038-1a,0,2,RIL
845,MEL 039-1a,51,1,1,1,W8-051111,MEL 039-1a,0,2,RIL
845,MEL 039-1a,51,1,1,2,W8-051112,MEL 039-1a,0,2,RIL
129,MEL 040-1c,52,1,1,1,W8-052111,MEL 040-1c,0,2,RIL
129,MEL 040-1c,52,1,1,2,W8-052112,MEL 040-1c,0,2,RIL
846,MEL 040-2b,53,1,1,1,W8-053111,MEL 040-2b,0,2,RIL
846,MEL 040-2b,53,1,1,2,W8-053112,MEL 040-2b,0,2,RIL
130,MEL 040-2c,54,1,1,1,W8-054111,MEL 040-2c,0,2,RIL
130,MEL 040-2c,54,1,1,2,W8-054112,MEL 040-2c,0,2,RIL
847,MEL 041-1a,55,1,1,1,W8-055111,MEL 041-1a,0,2,RIL
847,MEL 041-1a,55,1,1,2,W8-055112,MEL 041-1a,0,2,RIL
133,MEL 042-1b,56,1,1,1,W8-056111,MEL 042-1b,0,2,RIL
133,MEL 042-1b,56,1,1,2,W8-056112,MEL 042-1b,0,2,RIL
134,MEL 043-1,57,1,1,1,W8-057111,MEL 043-1,0,2,RIL
134,MEL 043-1,57,1,1,2,W8-057112,MEL 043-1,0,2,RIL
141,MEL 044a-1,58,1,1,1,W8-058111,MEL 044a-1,0,2,RIL
141,MEL 044a-1,58,1,1,2,W8-058112,MEL 044a-1,0,2,RIL
852,MEL 045-1a,59,1,1,1,W8-059111,MEL 045-1a,0,2,RIL
852,MEL 045-1a,59,1,1,2,W8-059112,MEL 045-1a,0,2,RIL
146,MEL 046-1,60,1,1,1,W8-060111,MEL 046-1,0,2,RIL
146,MEL 046-1,60,1,1,2,W8-060112,MEL 046-1,0,2,RIL
148,MEL 046-7,61,1,1,1,W8-061111,MEL 046-7,0,2,RIL
148,MEL 046-7,61,1,1,2,W8-061112,MEL 046-7,0,2,RIL
152,MEL 048-1a,62,1,1,1,W8-062111,MEL 048-1a,0,2,RIL
152,MEL 048-1a,62,1,1,2,W8-062112,MEL 048-1a,0,2,RIL
155,MEL 049-2,63,1,1,1,W8-063111,MEL 049-2,0,2,RIL
155,MEL 049-2,63,1,1,2,W8-063112,MEL 049-2,0,2,RIL
158,MEL 050-1,64,1,1,1,W8-064111,MEL 050-1,0,2,RIL
158,MEL 050-1,64,1,1,2,W8-064112,MEL 050-1,0,2,RIL
863,MEL 051-1c,65,1,1,1,W8-065111,MEL 051-1c,0,2,RIL
863,MEL 051-1c,65,1,1,2,W8-065112,MEL 051-1c,0,2,RIL
162,MEL 052-1,66,1,1,1,W8-066111,MEL 052-1,0,2,RIL
162,MEL 052-1,66,1,1,2,W8-066112,MEL 052-1,0,2,RIL
167,MEL 053-1a,67,1,1,1,W8-067111,MEL 053-1a,0,2,RIL
167,MEL 053-1a,67,1,1,2,W8-067112,MEL 053-1a,0,2,RIL
170,MEL 054-1,68,1,1,1,W8-068111,MEL 054-1,0,2,RIL
170,MEL 054-1,68,1,1,2,W8-068112,MEL 054-1,0,2,RIL
175,MEL 055-1a,69,1,1,1,W8-069111,MEL 055-1a,0,2,RIL
175,MEL 055-1a,69,1,1,2,W8-069112,MEL 055-1a,0,2,RIL
177,MEL 056-1,70,1,1,1,W8-070111,MEL 056-1,0,2,RIL
177,MEL 056-1,70,1,1,2,W8-070112,MEL 056-1,0,2,RIL
182,MEL 057-1a,71,1,1,1,W8-071111,MEL 057-1a,0,2,RIL
182,MEL 057-1a,71,1,1,2,W8-071112,MEL 057-1a,0,2,RIL
185,MEL 058-1,72,1,1,1,W8-072111,MEL 058-1,0,2,RIL
185,MEL 058-1,72,1,1,2,W8-072112,MEL 058-1,0,2,RIL
190,MEL 059-1a,73,1,1,1,W8-073111,MEL 059-1a,0,2,RIL
190,MEL 059-1a,73,1,1,2,W8-073112,MEL 059-1a,0,2,RIL
196,MEL 060-1a,74,1,1,1,W8-074111,MEL 060-1a,0,2,RIL
196,MEL 060-1a,74,1,1,2,W8-074112,MEL 060-1a,0,2,RIL
201,MEL 061-1,75,1,1,1,W8-075111,MEL 061-1,0,2,RIL
201,MEL 061-1,75,1,1,2,W8-075112,MEL 061-1,0,2,RIL
205,MEL 062-1a,76,1,1,1,W8-076111,MEL 062-1a,0,2,RIL
205,MEL 062-1a,76,1,1,2,W8-076112,MEL 062-1a,0,2,RIL
208,MEL 063a-1,77,1,1,1,W8-077111,MEL 063a-1,0,2,RIL
208,MEL 063a-1,77,1,1,2,W8-077112,MEL 063a-1,0,2,RIL
211,MEL 064-1a,78,1,1,1,W8-078111,MEL 064-1a,0,2,RIL
211,MEL 064-1a,78,1,1,2,W8-078112,MEL 064-1a,0,2,RIL
874,MEL 065-1b,79,1,1,1,W8-079111,MEL 065-1b,0,2,RIL
874,MEL 065-1b,79,1,1,2,W8-079112,MEL 065-1b,0,2,RIL
875,MEL 066-1a,80,1,1,1,W8-080111,MEL 066-1a,0,2,RIL
875,MEL 066-1a,80,1,1,2,W8-080112,MEL 066-1a,0,2,RIL
755,MEL 070-1a,81,1,1,1,W8-081111,MEL 070-1a,0,2,RIL
755,MEL 070-1a,81,1,1,2,W8-081112,MEL 070-1a,0,2,RIL
221,MEL 071-1a,82,1,1,1,W8-082111,MEL 071-1a,0,2,RIL
221,MEL 071-1a,82,1,1,2,W8-082112,MEL 071-1a,0,2,RIL
227,MEL 072-1a,83,1,1,1,W8-083111,MEL 072-1a,0,2,RIL
227,MEL 072-1a,83,1,1,2,W8-083112,MEL 072-1a,0,2,RIL
879,MEL 073-1,84,1,1,1,W8-084111,MEL 073-1,0,2,RIL
879,MEL 073-1,84,1,1,2,W8-084112,MEL 073-1,0,2,RIL
238,MEL 074-1,85,1,1,1,W8-085111,MEL 074-1,0,2,RIL
238,MEL 074-1,85,1,1,2,W8-085112,MEL 074-1,0,2,RIL
882,MEL 075-1a,86,1,1,1,W8-086111,MEL 075-1a,0,2,RIL
882,MEL 075-1a,86,1,1,2,W8-086112,MEL 075-1a,0,2,RIL
757,MEL 076-1c,87,1,1,1,W8-087111,MEL 076-1c,0,2,RIL
757,MEL 076-1c,87,1,1,2,W8-087112,MEL 076-1c,0,2,RIL
248,MEL 077-3,88,1,1,1,W8-088111,MEL 077-3,0,2,RIL
248,MEL 077-3,88,1,1,2,W8-088112,MEL 077-3,0,2,RIL
253,MEL 078-1bA,89,1,1,1,W8-089111,MEL 078-1bA,0,2,RIL
253,MEL 078-1bA,89,1,1,2,W8-089112,MEL 078-1bA,0,2,RIL
256,MEL 081-1a,90,1,1,1,W8-090111,MEL 081-1a,0,2,RIL
256,MEL 081-1a,90,1,1,2,W8-090112,MEL 081-1a,0,2,RIL
260,MEL 082-1a,91,1,1,1,W8-091111,MEL 082-1a,0,2,RIL
260,MEL 082-1a,91,1,1,2,W8-091112,MEL 082-1a,0,2,RIL
263,MEL 083-1,92,1,1,1,W8-092111,MEL 083-1,0,2,RIL
263,MEL 083-1,92,1,1,2,W8-092112,MEL 083-1,0,2,RIL
264,MEL 084-1,93,1,1,1,W8-093111,MEL 084-1,0,2,RIL
264,MEL 084-1,93,1,1,2,W8-093112,MEL 084-1,0,2,RIL
268,MEL 085-1b,94,1,1,1,W8-094111,MEL 085-1b,0,2,RIL
268,MEL 085-1b,94,1,1,2,W8-094112,MEL 085-1b,0,2,RIL
898,MEL 086-1,95,1,1,1,W8-095111,MEL 086-1,0,2,RIL
898,MEL 086-1,95,1,1,2,W8-095112,MEL 086-1,0,2,RIL
761,MEL 087-1a,96,1,1,1,W8-096111,MEL 087-1a,0,2,RIL
761,MEL 087-1a,96,1,1,2,W8-096112,MEL 087-1a,0,2,RIL
274,MEL 088-1,97,1,1,1,W8-097111,MEL 088-1,0,2,RIL
274,MEL 088-1,97,1,1,2,W8-097112,MEL 088-1,0,2,RIL
279,MEL 089-1a,98,1,1,1,W8-098111,MEL 089-1a,0,2,RIL
279,MEL 089-1a,98,1,1,2,W8-098112,MEL 089-1a,0,2,RIL
282,MEL 090-1a,99,1,1,1,W8-099111,MEL 090-1a,0,2,RIL
282,MEL 090-1a,99,1,1,2,W8-099112,MEL 090-1a,0,2,RIL
284,MEL 091-1a,100,1,1,1,W8-100111,MEL 091-1a,0,2,RIL
284,MEL 091-1a,100,1,1,2,W8-100112,MEL 091-1a,0,2,RIL
289,MEL 092-1,101,1,1,1,W8-101111,MEL 092-1,0,2,RIL
289,MEL 092-1,101,1,1,2,W8-101112,MEL 092-1,0,2,RIL
911,MEL 093-1,102,1,1,1,W8-102111,MEL 093-1,0,2,RIL
911,MEL 093-1,102,1,1,2,W8-102112,MEL 093-1,0,2,RIL
299,MEL 094-1c,103,1,1,1,W8-103111,MEL 094-1c,0,2,RIL
299,MEL 094-1c,103,1,1,2,W8-103112,MEL 094-1c,0,2,RIL
302,MEL 095-1,104,1,1,1,W8-104111,MEL 095-1,0,2,RIL
302,MEL 095-1,104,1,1,2,W8-104112,MEL 095-1,0,2,RIL
307,MEL 096-1a,105,1,1,1,W8-105111,MEL 096-1a,0,2,RIL
307,MEL 096-1a,105,1,1,2,W8-105112,MEL 096-1a,0,2,RIL
312,MEL 097-1,106,1,1,1,W8-106111,MEL 097-1,0,2,RIL
312,MEL 097-1,106,1,1,2,W8-106112,MEL 097-1,0,2,RIL
317,MEL 098-1,107,1,1,1,W8-107111,MEL 098-1,0,2,RIL
317,MEL 098-1,107,1,1,2,W8-107112,MEL 098-1,0,2,RIL
321,MEL 099-2,108,1,1,1,W8-108111,MEL 099-2,0,2,RIL
321,MEL 099-2,108,1,1,2,W8-108112,MEL 099-2,0,2,RIL
921,MEL 100-1a,109,1,1,1,W8-109111,MEL 100-1a,0,2,RIL
921,MEL 100-1a,109,1,1,2,W8-109112,MEL 100-1a,0,2,RIL
327,MEL 101-1,110,1,1,1,W8-110111,MEL 101-1,0,2,RIL
327,MEL 101-1,110,1,1,2,W8-110112,MEL 101-1,0,2,RIL
331,MEL 102-1,111,1,1,1,W8-111111,MEL 102-1,0,2,RIL
331,MEL 102-1,111,1,1,2,W8-111112,MEL 102-1,0,2,RIL
335,MEL 103-1,112,1,1,1,W8-112111,MEL 103-1,0,2,RIL
335,MEL 103-1,112,1,1,2,W8-112112,MEL 103-1,0,2,RIL
928,MEL 104-1,113,1,1,1,W8-113111,MEL 104-1,0,2,RIL
928,MEL 104-1,113,1,1,2,W8-113112,MEL 104-1,0,2,RIL
339,MEL 104-2,114,1,1,1,W8-114111,MEL 104-2,0,2,RIL
339,MEL 104-2,114,1,1,2,W8-114112,MEL 104-2,0,2,RIL
343,MEL 105-1,115,1,1,1,W8-115111,MEL 105-1,0,2,RIL
343,MEL 105-1,115,1,1,2,W8-115112,MEL 105-1,0,2,RIL
346,MEL 106a-1,116,1,1,1,W8-116111,MEL 106a-1,0,2,RIL
346,MEL 106a-1,116,1,1,2,W8-116112,MEL 106a-1,0,2,RIL
349,MEL 107-1a,117,1,1,1,W8-117111,MEL 107-1a,0,2,RIL
349,MEL 107-1a,117,1,1,2,W8-117112,MEL 107-1a,0,2,RIL
351,MEL 108-1,118,1,1,1,W8-118111,MEL 108-1,0,2,RIL
351,MEL 108-1,118,1,1,2,W8-118112,MEL 108-1,0,2,RIL
937,MEL 109-1,119,1,1,1,W8-119111,MEL 109-1,0,2,RIL
937,MEL 109-1,119,1,1,2,W8-119112,MEL 109-1,0,2,RIL
940,MEL 110-1a,120,1,1,1,W8-120111,MEL 110-1a,0,2,RIL
940,MEL 110-1a,120,1,1,2,W8-120112,MEL 110-1a,0,2,RIL
360,MEL 111-1,121,1,1,1,W8-121111,MEL 111-1,0,2,RIL
360,MEL 111-1,121,1,1,2,W8-121112,MEL 111-1,0,2,RIL
365,MEL 112-1a,122,1,1,1,W8-122111,MEL 112-1a,0,2,RIL
365,MEL 112-1a,122,1,1,2,W8-122112,MEL 112-1a,0,2,RIL
368,MEL 113-1a,123,1,1,1,W8-123111,MEL 113-1a,0,2,RIL
368,MEL 113-1a,123,1,1,2,W8-123112,MEL 113-1a,0,2,RIL
372,MEL 114-1,124,1,1,1,W8-124111,MEL 114-1,0,2,RIL
372,MEL 114-1,124,1,1,2,W8-124112,MEL 114-1,0,2,RIL
376,MEL 115-1,125,1,1,1,W8-125111,MEL 115-1,0,2,RIL
376,MEL 115-1,125,1,1,2,W8-125112,MEL 115-1,0,2,RIL
380,MEL 116-2,126,1,1,1,W8-126111,MEL 116-2,0,2,RIL
380,MEL 116-2,126,1,1,2,W8-126112,MEL 116-2,0,2,RIL
384,MEL 117-2,127,1,1,1,W8-127111,MEL 117-2,0,2,RIL
384,MEL 117-2,127,1,1,2,W8-127112,MEL 117-2,0,2,RIL
957,MEL 118-1a,128,1,1,1,W8-128111,MEL 118-1a,0,2,RIL
957,MEL 118-1a,128,1,1,2,W8-128112,MEL 118-1a,0,2,RIL
391,MEL 119-1,129,1,1,1,W8-129111,MEL 119-1,0,2,RIL
391,MEL 119-1,129,1,1,2,W8-129112,MEL 119-1,0,2,RIL
395,MEL 120-3,130,1,1,1,W8-130111,MEL 120-3,0,2,RIL
395,MEL 120-3,130,1,1,2,W8-130112,MEL 120-3,0,2,RIL
399,MEL 121-1a,131,1,1,1,W8-131111,MEL 121-1a,0,2,RIL
399,MEL 121-1a,131,1,1,2,W8-131112,MEL 121-1a,0,2,RIL
965,MEL 122-1a,132,1,1,1,W8-132111,MEL 122-1a,0,2,RIL
965,MEL 122-1a,132,1,1,2,W8-132112,MEL 122-1a,0,2,RIL
408,MEL 123-1,133,1,1,1,W8-133111,MEL 123-1,0,2,RIL
408,MEL 123-1,133,1,1,2,W8-133112,MEL 123-1,0,2,RIL
411,MEL 124-2,134,1,1,1,W8-134111,MEL 124-2,0,2,RIL
411,MEL 124-2,134,1,1,2,W8-134112,MEL 124-2,0,2,RIL
415,MEL 125-1b,135,1,1,1,W8-135111,MEL 125-1b,0,2,RIL
415,MEL 125-1b,135,1,1,2,W8-135112,MEL 125-1b,0,2,RIL
967,MEL 126-1,136,1,1,1,W8-136111,MEL 126-1,0,2,RIL
967,MEL 126-1,136,1,1,2,W8-136112,MEL 126-1,0,2,RIL
770,MEL 127-1a,137,1,1,1,W8-137111,MEL 127-1a,0,2,RIL
770,MEL 127-1a,137,1,1,2,W8-137112,MEL 127-1a,0,2,RIL
423,MEL 128-1,138,1,1,1,W8-138111,MEL 128-1,0,2,RIL
423,MEL 128-1,138,1,1,2,W8-138112,MEL 128-1,0,2,RIL
427,MEL 129-1,139,1,1,1,W8-139111,MEL 129-1,0,2,RIL
427,MEL 129-1,139,1,1,2,W8-139112,MEL 129-1,0,2,RIL
431,MEL 130-1,140,1,1,1,W8-140111,MEL 130-1,0,2,RIL
431,MEL 130-1,140,1,1,2,W8-140112,MEL 130-1,0,2,RIL
974,MEL 131-1a,141,1,1,1,W8-141111,MEL 131-1a,0,2,RIL
974,MEL 131-1a,141,1,1,2,W8-141112,MEL 131-1a,0,2,RIL
437,MEL 132-1,142,1,1,1,W8-142111,MEL 132-1,0,2,RIL
437,MEL 132-1,142,1,1,2,W8-142112,MEL 132-1,0,2,RIL
441,MEL 133-1,143,1,1,1,W8-143111,MEL 133-1,0,2,RIL
441,MEL 133-1,143,1,1,2,W8-143112,MEL 133-1,0,2,RIL
981,MEL 134a-1,144,1,1,1,W8-144111,MEL 134a-1,0,2,RIL
981,MEL 134a-1,144,1,1,2,W8-144112,MEL 134a-1,0,2,RIL
985,MEL 135-1a,145,1,1,1,W8-145111,MEL 135-1a,0,2,RIL
985,MEL 135-1a,145,1,1,2,W8-145112,MEL 135-1a,0,2,RIL
447,MEL 136-1a,146,1,1,1,W8-146111,MEL 136-1a,0,2,RIL
447,MEL 136-1a,146,1,1,2,W8-146112,MEL 136-1a,0,2,RIL
450,MEL 137a-1,147,1,1,1,W8-147111,MEL 137a-1,0,2,RIL
450,MEL 137a-1,147,1,1,2,W8-147112,MEL 137a-1,0,2,RIL
453,MEL 138-1,148,1,1,1,W8-148111,MEL 138-1,0,2,RIL
453,MEL 138-1,148,1,1,2,W8-148112,MEL 138-1,0,2,RIL
455,MEL 139-1,149,1,1,1,W8-149111,MEL 139-1,0,2,RIL
455,MEL 139-1,149,1,1,2,W8-149112,MEL 139-1,0,2,RIL
459,MEL 140-1b,150,1,1,1,W8-150111,MEL 140-1b,0,2,RIL
459,MEL 140-1b,150,1,1,2,W8-150112,MEL 140-1b,0,2,RIL
462,MEL 141-1,151,1,1,1,W8-151111,MEL 141-1,0,2,RIL
462,MEL 141-1,151,1,1,2,W8-151112,MEL 141-1,0,2,RIL
467,MEL 142-2,152,1,1,1,W8-152111,MEL 142-2,0,2,RIL
467,MEL 142-2,152,1,1,2,W8-152112,MEL 142-2,0,2,RIL
1002,MEL 143-1,153,1,1,1,W8-153111,MEL 143-1,0,2,RIL
1002,MEL 143-1,153,1,1,2,W8-153112,MEL 143-1,0,2,RIL
475,MEL 144-1a,154,1,1,1,W8-154111,MEL 144-1a,0,2,RIL
475,MEL 144-1a,154,1,1,2,W8-154112,MEL 144-1a,0,2,RIL
1007,MEL 145-1,155,1,1,1,W8-155111,MEL 145-1,0,2,RIL
1007,MEL 145-1,155,1,1,2,W8-155112,MEL 145-1,0,2,RIL
480,MEL 146-1a,156,1,1,1,W8-156111,MEL 146-1a,0,2,RIL
480,MEL 146-1a,156,1,1,2,W8-156112,MEL 146-1a,0,2,RIL
483,MEL 147-1,157,1,1,1,W8-157111,MEL 147-1,0,2,RIL
483,MEL 147-1,157,1,1,2,W8-157112,MEL 147-1,0,2,RIL
485,MEL 148-1a,158,1,1,1,W8-158111,MEL 148-1a,0,2,RIL
485,MEL 148-1a,158,1,1,2,W8-158112,MEL 148-1a,0,2,RIL
491,MEL 149-1,159,1,1,1,W8-159111,MEL 149-1,0,2,RIL
491,MEL 149-1,159,1,1,2,W8-159112,MEL 149-1,0,2,RIL
495,MEL 150-3,160,1,1,1,W8-160111,MEL 150-3,0,2,RIL
495,MEL 150-3,160,1,1,2,W8-160112,MEL 150-3,0,2,RIL
499,MEL 151-1,161,1,1,1,W8-161111,MEL 151-1,0,2,RIL
499,MEL 151-1,161,1,1,2,W8-161112,MEL 151-1,0,2,RIL
503,MEL 152-1a,162,1,1,1,W8-162111,MEL 152-1a,0,2,RIL
503,MEL 152-1a,162,1,1,2,W8-162112,MEL 152-1a,0,2,RIL
507,MEL 153-1,163,1,1,1,W8-163111,MEL 153-1,0,2,RIL
507,MEL 153-1,163,1,1,2,W8-163112,MEL 153-1,0,2,RIL
508,MEL 154-1a,164,1,1,1,W8-164111,MEL 154-1a,0,2,RIL
508,MEL 154-1a,164,1,1,2,W8-164112,MEL 154-1a,0,2,RIL
511,MEL 155-1a,165,1,1,1,W8-165111,MEL 155-1a,0,2,RIL
511,MEL 155-1a,165,1,1,2,W8-165112,MEL 155-1a,0,2,RIL
514,MEL 156-1,166,1,1,1,W8-166111,MEL 156-1,0,2,RIL
514,MEL 156-1,166,1,1,2,W8-166112,MEL 156-1,0,2,RIL
518,MEL 157-1,167,1,1,1,W8-167111,MEL 157-1,0,2,RIL
518,MEL 157-1,167,1,1,2,W8-167112,MEL 157-1,0,2,RIL
522,MEL 158-1,168,1,1,1,W8-168111,MEL 158-1,0,2,RIL
522,MEL 158-1,168,1,1,2,W8-168112,MEL 158-1,0,2,RIL
527,MEL 159-1,169,1,1,1,W8-169111,MEL 159-1,0,2,RIL
527,MEL 159-1,169,1,1,2,W8-169112,MEL 159-1,0,2,RIL
532,MEL 160-1,170,1,1,1,W8-170111,MEL 160-1,0,2,RIL
532,MEL 160-1,170,1,1,2,W8-170112,MEL 160-1,0,2,RIL
536,MEL 161-1,171,1,1,1,W8-171111,MEL 161-1,0,2,RIL
536,MEL 161-1,171,1,1,2,W8-171112,MEL 161-1,0,2,RIL
1031,MEL 162-1,172,1,1,1,W8-172111,MEL 162-1,0,2,RIL
1031,MEL 162-1,172,1,1,2,W8-172112,MEL 162-1,0,2,RIL
545,MEL 163-2,173,1,1,1,W8-173111,MEL 163-2,0,2,RIL
545,MEL 163-2,173,1,1,2,W8-173112,MEL 163-2,0,2,RIL
549,MEL 164-1,174,1,1,1,W8-174111,MEL 164-1,0,2,RIL
549,MEL 164-1,174,1,1,2,W8-174112,MEL 164-1,0,2,RIL
553,MEL 165-1,175,1,1,1,W8-175111,MEL 165-1,0,2,RIL
553,MEL 165-1,175,1,1,2,W8-175112,MEL 165-1,0,2,RIL
561,MEL 166-1a,176,1,1,1,W8-176111,MEL 166-1a,0,2,RIL
561,MEL 166-1a,176,1,1,2,W8-176112,MEL 166-1a,0,2,RIL
1040,MEL 167-2,177,1,1,1,W8-177111,MEL 167-2,0,2,RIL
1040,MEL 167-2,177,1,1,2,W8-177112,MEL 167-2,0,2,RIL
1041,MEL 168-1a,178,1,1,1,W8-178111,MEL 168-1a,0,2,RIL
1041,MEL 168-1a,178,1,1,2,W8-178112,MEL 168-1a,0,2,RIL
1043,MEL 169-1c,179,1,1,1,W8-179111,MEL 169-1c,0,2,RIL
1043,MEL 169-1c,179,1,1,2,W8-179112,MEL 169-1c,0,2,RIL
571,MEL 170-1b,180,1,1,1,W8-180111,MEL 170-1b,0,2,RIL
571,MEL 170-1b,180,1,1,2,W8-180112,MEL 170-1b,0,2,RIL
575,MEL 171-1a,181,1,1,1,W8-181111,MEL 171-1a,0,2,RIL
575,MEL 171-1a,181,1,1,2,W8-181112,MEL 171-1a,0,2,RIL
577,MEL 172-1,182,1,1,1,W8-182111,MEL 172-1,0,2,RIL
577,MEL 172-1,182,1,1,2,W8-182112,MEL 172-1,0,2,RIL
582,MEL 173-2,183,1,1,1,W8-183111,MEL 173-2,0,2,RIL
582,MEL 173-2,183,1,1,2,W8-183112,MEL 173-2,0,2,RIL
584,MEL 174-1,184,1,1,1,W8-184111,MEL 174-1,0,2,RIL
584,MEL 174-1,184,1,1,2,W8-184112,MEL 174-1,0,2,RIL
1054,MEL 175-1,185,1,1,1,W8-185111,MEL 175-1,0,2,RIL
1054,MEL 175-1,185,1,1,2,W8-185112,MEL 175-1,0,2,RIL
594,MEL 176-1,186,1,1,1,W8-186111,MEL 176-1,0,2,RIL
594,MEL 176-1,186,1,1,2,W8-186112,MEL 176-1,0,2,RIL
599,MEL 177a-1,187,1,1,1,W8-187111,MEL 177a-1,0,2,RIL
599,MEL 177a-1,187,1,1,2,W8-187112,MEL 177a-1,0,2,RIL
1059,MEL 178-1a,188,1,1,1,W8-188111,MEL 178-1a,0,2,RIL
1059,MEL 178-1a,188,1,1,2,W8-188112,MEL 178-1a,0,2,RIL
605,MEL 179-2,189,1,1,1,W8-189111,MEL 179-2,0,2,RIL
605,MEL 179-2,189,1,1,2,W8-189112,MEL 179-2,0,2,RIL
609,MEL 180-1,190,1,1,1,W8-190111,MEL 180-1,0,2,RIL
609,MEL 180-1,190,1,1,2,W8-190112,MEL 180-1,0,2,RIL
614,MEL 181-1,191,1,1,1,W8-191111,MEL 181-1,0,2,RIL
614,MEL 181-1,191,1,1,2,W8-191112,MEL 181-1,0,2,RIL
618,MEL 182-1a,192,1,1,1,W8-192111,MEL 182-1a,0,2,RIL
618,MEL 182-1a,192,1,1,2,W8-192112,MEL 182-1a,0,2,RIL
621,MEL 183-1,193,1,1,1,W8-193111,MEL 183-1,0,2,RIL
621,MEL 183-1,193,1,1,2,W8-193112,MEL 183-1,0,2,RIL
624,MEL 184-1a,194,1,1,1,W8-194111,MEL 184-1a,0,2,RIL
624,MEL 184-1a,194,1,1,2,W8-194112,MEL 184-1a,0,2,RIL
625,MEL 185-1,195,1,1,1,W8-195111,MEL 185-1,0,2,RIL
625,MEL 185-1,195,1,1,2,W8-195112,MEL 185-1,0,2,RIL
630,MEL 186-1b,196,1,1,1,W8-196111,MEL 186-1b,0,2,RIL
630,MEL 186-1b,196,1,1,2,W8-196112,MEL 186-1b,0,2,RIL
632,MEL 187-1b,197,1,1,1,W8-197111,MEL 187-1b,0,2,RIL
632,MEL 187-1b,197,1,1,2,W8-197112,MEL 187-1b,0,2,RIL
635,MEL 188-2,198,1,1,1,W8-198111,MEL 188-2,0,2,RIL
635,MEL 188-2,198,1,1,2,W8-198112,MEL 188-2,0,2,RIL
1075,MEL 189-1,199,1,1,1,W8-199111,MEL 189-1,0,2,RIL
1075,MEL 189-1,199,1,1,2,W8-199112,MEL 189-1,0,2,RIL
642,MEL 190-2,200,1,1,1,W8-200111,MEL 190-2,0,2,RIL
642,MEL 190-2,200,1,1,2,W8-200112,MEL 190-2,0,2,RIL
646,MEL 191-1,201,1,1,1,W8-201111,MEL 191-1,0,2,RIL
646,MEL 191-1,201,1,1,2,W8-201112,MEL 191-1,0,2,RIL
651,MEL 192-1,202,1,1,1,W8-202111,MEL 192-1,0,2,RIL
651,MEL 192-1,202,1,1,2,W8-202112,MEL 192-1,0,2,RIL
655,MEL 193-1,203,1,1,1,W8-203111,MEL 193-1,0,2,RIL
655,MEL 193-1,203,1,1,2,W8-203112,MEL 193-1,0,2,RIL
1082,MEL 194a-1,204,1,1,1,W8-204111,MEL 194a-1,0,2,RIL
1082,MEL 194a-1,204,1,1,2,W8-204112,MEL 194a-1,0,2,RIL
664,MEL 195-1a,205,1,1,1,W8-205111,MEL 195-1a,0,2,RIL
664,MEL 195-1a,205,1,1,2,W8-205112,MEL 195-1a,0,2,RIL
799,MEL 196-1A,206,1,1,1,W8-206111,MEL 196-1A,0,2,RIL
799,MEL 196-1A,206,1,1,2,W8-206112,MEL 196-1A,0,2,RIL
675,MEL 197-2,207,1,1,1,W8-207111,MEL 197-2,0,2,RIL
675,MEL 197-2,207,1,1,2,W8-207112,MEL 197-2,0,2,RIL
1089,MEL 198-1,208,1,1,1,W8-208111,MEL 198-1,0,2,RIL
1089,MEL 198-1,208,1,1,2,W8-208112,MEL 198-1,0,2,RIL
683,MEL 199-1,209,1,1,1,W8-209111,MEL 199-1,0,2,RIL
683,MEL 199-1,209,1,1,2,W8-209112,MEL 199-1,0,2,RIL
688,MEL 200-1b,210,1,1,1,W8-210111,MEL 200-1b,0,2,RIL
688,MEL 200-1b,210,1,1,2,W8-210112,MEL 200-1b,0,2,RIL
692,MEL 201-1,211,1,1,1,W8-211111,MEL 201-1,0,2,RIL
692,MEL 201-1,211,1,1,2,W8-211112,MEL 201-1,0,2,RIL
696,MEL 202-2,212,1,1,1,W8-212111,MEL 202-2,0,2,RIL
696,MEL 202-2,212,1,1,2,W8-212112,MEL 202-2,0,2,RIL
1097,MEL 203-1,213,1,1,1,W8-213111,MEL 203-1,0,2,RIL
1097,MEL 203-1,213,1,1,2,W8-213112,MEL 203-1,0,2,RIL
705,MEL 204-1,214,1,1,1,W8-214111,MEL 204-1,0,2,RIL
705,MEL 204-1,214,1,1,2,W8-214112,MEL 204-1,0,2,RIL
800,MEL 205-1a,215,1,1,1,W8-215111,MEL 205-1a,0,2,RIL
800,MEL 205-1a,215,1,1,2,W8-215112,MEL 205-1a,0,2,RIL
713,MEL 206a-1a,216,1,1,1,W8-216111,MEL 206a-1a,0,2,RIL
713,MEL 206a-1a,216,1,1,2,W8-216112,MEL 206a-1a,0,2,RIL
716,MEL 207-1,217,1,1,1,W8-217111,MEL 207-1,0,2,RIL
716,MEL 207-1,217,1,1,2,W8-217112,MEL 207-1,0,2,RIL
720,MEL 208-1,218,1,1,1,W8-218111,MEL 208-1,0,2,RIL
720,MEL 208-1,218,1,1,2,W8-218112,MEL 208-1,0,2,RIL
726,MEL 209-1,219,1,1,1,W8-219111,MEL 209-1,0,2,RIL
726,MEL 209-1,219,1,1,2,W8-219112,MEL 209-1,0,2,RIL
803,MEL 210-1a,220,1,1,1,W8-220111,MEL 210-1a,0,2,RIL
803,MEL 210-1a,220,1,1,2,W8-220112,MEL 210-1a,0,2,RIL
